N° licence,Nom,Prénom,Sexe,Date de naissance,Type lic.,Catégorie,Équipe
JF050297,Moreau,Léa,F,06/12/2000,C,Seniors,Seniors Filles 1
VT283544,Bernard,Chloé,F,13/06/1992,C,Seniors,Seniors Filles 1
BC309293,Traoré,Inès,F,02/06/1996,C,Seniors,Seniors Filles 1
VT295864,Lambert,Manon,F,10/04/1994,C,Seniors,Seniors Filles 1
WC501260,Fontaine,Emma,F,02/09/1994,C,Seniors,Seniors Filles 1
BC266594,Guérin,Jade,F,19/01/2002,C,Seniors,Seniors Filles 1
WC165960,Le Gall,Clara,F,12/09/1997,C,Seniors,Seniors Filles 1
WC813721,Marchand,Sarah,F,22/07/1995,C,Seniors,Seniors Filles 1
BC767565,Petit,Zoé,F,16/02/1999,C,Seniors,Seniors Filles 1
VT219989,Perrin,Maëlys,F,16/01/1992,C,Seniors,Seniors Filles 1
VT634515,Diallo,Amina,F,24/01/1992,C,Seniors,Seniors Filles 1
JF594602,Roux,Camille,F,16/06/1993,C,Seniors,Seniors Filles 1
WC853960,Le Roux,Pauline,F,03/10/2006,C,Seniors,Seniors Filles 2
WC122561,Morvan,Anaïs,F,06/10/1997,C,Seniors,Seniors Filles 2
VT199296,Gautier,Justine,F,17/05/1991,C,Seniors,Seniors Filles 2
JF602020,Bouvier,Mathilde,F,19/09/1990,C,Seniors,Seniors Filles 2
VT494304,Ndiaye,Fatou,F,03/11/1988,C,Seniors,Seniors Filles 2
VT479963,Hamon,Charlotte,F,07/01/1986,C,Seniors,Seniors Filles 2
BC244975,Lebreton,Margaux,F,10/10/2000,C,Seniors,Seniors Filles 2
VT224867,Riou,Océane,F,16/06/1994,C,Seniors,Seniors Filles 2
BC499583,Caillaud,Élise,F,22/03/1995,C,Seniors,Seniors Filles 2
VT377360,Benali,Yasmine,F,04/07/1993,C,Seniors,Seniors Filles 2
BC594898,Le Floch,Thomas,M,07/06/1997,C,Seniors,Seniors Garçons 1
VT426193,Mercier,Hugo,M,05/05/1999,C,Seniors,Seniors Garçons 1
WC435225,Kouassi,Yanis,M,05/11/2004,C,Seniors,Seniors Garçons 1
JF953839,Garnier,Antoine,M,22/01/1999,C,Seniors,Seniors Garçons 1
WC818037,Tessier,Maxime,M,07/06/2000,C,Seniors,Seniors Garçons 1
BC691472,Jaouen,Kévin,M,23/05/2004,C,Seniors,Seniors Garçons 1
VT878919,Bonnet,Lucas,M,23/09/2004,C,Seniors,Seniors Garçons 1
VT303168,Sylla,Moussa,M,11/08/2000,C,Seniors,Seniors Garçons 1
VT540780,Prigent,Romain,M,23/01/2003,C,Seniors,Seniors Garçons 1
BC255375,Chevalier,Baptiste,M,10/06/2001,C,Seniors,Seniors Garçons 1
VT971068,Renaud,Julien,M,10/03/2004,C,Seniors,Seniors Garçons 1
BC843213,Guillou,Nicolas,M,02/04/1985,C,Seniors,Seniors Garçons 2
WC486655,Pichon,Florian,M,10/07/1996,C,Seniors,Seniors Garçons 2
BC173643,Boucher,Alexandre,M,23/04/2003,C,Seniors,Seniors Garçons 2
BC228818,Mahé,Sébastien,M,05/11/1993,C,Seniors,Seniors Garçons 2
WC818888,Lefèvre,Quentin,M,23/06/1987,C,Seniors,Seniors Garçons 2
BC030397,Barbier,Damien,M,21/01/2004,C,Seniors,Seniors Garçons 2
BC065749,Hervé,Mickaël,M,05/07/1990,C,Seniors,Seniors Garçons 2
BC763543,Ollivier,Jérémy,M,05/11/1983,C,Seniors,Seniors Garçons 2
VT160856,Cissé,Ibrahim,M,10/12/1996,C,Seniors,Seniors Garçons 2
JF610619,Josse,Arnaud,M,14/06/2002,C,Seniors,Seniors Garçons 2
JF797792,Le Bris,Mathis,M,05/11/2009,C,U18,U18 Garçons
JF429193,Robin,Noah,M,28/12/2009,C,U18,U18 Garçons
BC803584,Fofana,Adama,M,06/09/2011,C,U18,U18 Garçons
WC258352,Lemoine,Enzo,M,10/11/2011,C,U18,U18 Garçons
WC416407,Guého,Tom,M,04/03/2011,C,U18,U18 Garçons
WC337930,Pasquier,Théo,M,10/10/2009,C,U18,U18 Garçons
WC419842,Bertin,Rayan,M,01/05/2009,C,U18,U18 Garçons
JF933073,Corbel,Nathan,M,13/11/2010,C,U18,U18 Garçons
VT565039,Haddad,Sami,M,26/06/2011,C,U18,U18 Garçons
WC324734,Rolland,Lina,F,17/10/2012,C,U15,U15 Filles
JF325747,Daniel,Louise,F,20/07/2012,C,U15,U15 Filles
BC861663,Kerjean,Alice,F,08/12/2013,C,U15,U15 Filles
VT011610,Meunier,Rose,F,03/05/2013,C,U15,U15 Filles
WC686270,Baron,Lola,F,17/03/2012,C,U15,U15 Filles
JF878038,Coulibaly,Aïcha,F,01/12/2013,C,U15,U15 Filles
JF310220,Thébaud,Nina,F,19/04/2013,C,U15,U15 Filles
VT315875,Laurent,Juliette,F,19/12/2013,C,U15,U15 Filles
VT644021,Le Gal,Agathe,F,18/11/2013,C,U15,U15 Filles
WC337958,Picard,Romane,F,10/10/2013,C,U15,U15 Filles
WC216267,Fleury,Gabriel,M,24/01/2015,C,U13,U13 Garçons
VT967974,Gicquel,Louis,M,01/06/2015,C,U13,U13 Garçons
WC006822,Boyer,Raphaël,M,03/09/2015,C,U13,U13 Garçons
WC322169,Mendy,Ilyes,M,24/05/2014,C,U13,U13 Garçons
WC996044,Charpentier,Arthur,M,20/10/2014,C,U13,U13 Garçons
BC976549,Allain,Jules,M,01/07/2015,C,U13,U13 Garçons
VT240456,Rivière,Léo,M,11/10/2015,C,U13,U13 Garçons
JF988615,Tanguy,Sacha,M,03/12/2015,C,U13,U13 Garçons
JF560374,Besnard,Timéo,M,28/07/2014,C,U13,U13 Garçons
BC887880,Gaillard,Malo,M,15/04/2014,C,U13,U13 Garçons
BC622746,Huet,Adam,M,04/04/2017,C,U11,U11 Mixte
JF308439,Collet,Lou,F,15/01/2017,C,U11,U11 Mixte
BC106486,Leroux,Paul,M,21/12/2017,C,U11,U11 Mixte
JF945857,Diop,Mariam,F,14/03/2016,C,U11,U11 Mixte
VT837367,Briand,Eden,M,19/11/2017,C,U11,U11 Mixte
VT151164,Cadiou,Nolan,M,06/05/2017,C,U11,U11 Mixte
VT561633,Pineau,Ambre,F,03/03/2016,C,U11,U11 Mixte
VT590096,Lucas,Victor,M,01/01/2016,C,U11,U11 Mixte
BC349337,Gourdon,Mila,F,23/01/2016,C,U11,U11 Mixte
VT927362,Even,Marius,M,09/12/2017,C,U11,U11 Mixte
BC219748,Cadiou,Hélène,F,03/10/1981,T,Technicien,Entraîneure Seniors Filles 1
JF704304,Le Bihan,Patrick,M,08/04/1962,AS,Dirigeant,Président
BC224955,Moreau,Sophie,F,02/05/1984,AS,Dirigeant,Trésorière
JF559690,Garnier,Frédéric,M,24/06/1975,T,Technicien,Entraîneur Seniors Garçons 1
